{
  "Disabled": false,
  "Testing": false,
  "ScheduledForDeletion": false,
  "InstalledFromUrl": "https://github.com/Iaotle/MyDalamudPlugins/raw/master/pluginmaster.json",
  "WorkingPluginId": "4d88a56d-a4b8-4c35-9010-668ec42b39d9",
  "IsThirdParty": true,
  "EffectiveVersion": "1.2.0.2",
  "Author": "a08381, Iaotle",
  "Name": "SkipCutscene",
  "Punchline": "Skips MSQ Roulette Cutscenes",
  "Description": "Works for Castrum and Praetorium.",
  "Changelog": null,
  "Tags": [
    "Utility"
  ],
  "CategoryTags": null,
  "IsHide": false,
  "InternalName": "SkipCutscene",
  "AssemblyVersion": "1.2.0.2",
  "TestingAssemblyVersion": null,
  "IsTestingExclusive": false,
  "RepoUrl": null,
  "ApplicableVersion": "any",
  "DalamudApiLevel": 8,
  "DownloadCount": 0,
  "LastUpdate": 0,
  "DownloadLinkInstall": "https://github.com/iaotle/MyDalamudPlugins/blob/master/plugins/SkipCutscene/latest.zip?raw=true",
  "DownloadLinkUpdate": "https://github.com/iaotle/MyDalamudPlugins/blob/master/plugins/SkipCutscene/latest.zip?raw=true",
  "DownloadLinkTesting": null,
  "LoadRequiredState": 0,
  "LoadSync": false,
  "LoadPriority": 0,
  "CanUnloadAsync": false,
  "SupportsProfiles": true,
  "ImageUrls": [],
  "IconUrl": null,
  "AcceptsFeedback": true,
  "FeedbackMessage": null,
  "_Dip17Channel": null
}